Customer_Age,Annual_Income,Website_Visits_Per_Month,Average_Session_Minutes,Previous_Purchases,Discount_Used_Percent,Days_Since_Last_Purchase,Device_Type,Membership_Level,Preferred_Category,Region,Purchase_Amount,High_Value_Customer
22,67926.22,14,17.3,6,23,66.2,Mobile,Gold,Electronics,West,448.82,No
55,31329.98,17,23.58,11,21,60.1,Desktop,Silver,Electronics,North,642.14,Yes
49,37725.0,17,10.18,11,22,31.5,Mobile,Silver,Fashion,East,465.87,Yes
39,116843.44,9,7.1,11,3,20.3,Desktop,Silver,Electronics,North,625.71,Yes
38,41676.7,17,9.03,15,37,32.6,Mobile,Silver,Sports,North,609.16,Yes
59,45870.72,19,17.3,8,40,6.9,Mobile,Basic,Home,East,441.99,Yes
22,110412.1,11,16.49,12,24,21.9,Mobile,Basic,Electronics,West,686.55,Yes
51,133911.48,11,14.51,9,0,74.2,Desktop,Basic,Beauty,North,485.78,No
27,44225.53,14,8.39,9,16,32.5,Mobile,Basic,Fashion,North,303.0,No
22,61898.52,12,17.83,10,29,43.8,Mobile,Basic,Fashion,South,461.45,Yes
43,77514.22,7,7.88,6,30,10.4,Mobile,Basic,Home,West,308.1,No
64,108031.35,11,19.79,9,9,65.9,Desktop,Gold,Electronics,North,655.61,Yes
53,48289.14,9,28.29,4,33,30.3,Mobile,Silver,Fashion,North,581.13,Yes
54,64603.89,15,15.83,8,39,42.8,Desktop,Basic,Beauty,South,372.28,No
52,87101.43,11,16.92,6,20,49.4,Desktop,Gold,Sports,South,522.51,No
55,79564.85,14,11.54,12,15,64.3,Mobile,Platinum,Fashion,North,681.27,Yes
42,61724.57,9,4.95,10,21,38.4,Tablet,Gold,Home,East,477.8,Yes
24,67055.89,9,10.99,7,1,30.9,Desktop,Gold,Electronics,East,422.07,No
58,39752.29,14,8.54,9,21,12.6,Mobile,Platinum,Home,North,459.73,Yes
39,64760.18,13,6.76,12,1,9.5,Mobile,Silver,Fashion,East,484.96,Yes
42,64139.48,10,22.61,5,1,37.8,Mobile,Platinum,Home,North,499.28,No
35,75107.74,14,15.36,5,22,43.0,Mobile,Platinum,Electronics,East,532.9,Yes
26,57782.8,10,15.9,10,20,48.0,Mobile,Basic,Sports,South,501.09,No
62,80373.85,10,12.45,11,40,17.5,Tablet,Gold,Sports,North,582.13,Yes
55,92279.75,13,13.14,7,20,22.0,Desktop,Gold,Fashion,North,494.56,Yes
48,73419.45,15,18.82,13,40,37.4,Mobile,Gold,Beauty,West,676.91,Yes
37,77738.64,14,13.84,7,33,24.2,Mobile,Gold,Electronics,East,521.44,Yes
57,71169.42,13,16.65,4,13,140.7,Mobile,Basic,Beauty,East,227.89,No
44,70001.86,16,13.02,4,37,21.7,Mobile,Basic,Fashion,North,300.75,No
39,54125.72,12,12.29,5,19,45.1,Mobile,Silver,Electronics,North,333.6,No
39,76962.87,18,6.97,3,24,58.9,Tablet,Gold,Home,North,295.66,No
28,67859.69,15,4.11,9,4,61.3,Desktop,Gold,Fashion,South,366.65,No
22,116049.7,22,12.69,10,8,23.9,Mobile,Gold,Home,South,650.9,Yes
44,104613.81,19,14.28,7,21,49.5,Desktop,Gold,Home,West,440.86,No
60,78488.62,13,7.57,5,11,45.5,Mobile,Platinum,Electronics,West,434.51,Yes
21,53212.74,18,13.83,12,24,51.0,Desktop,Basic,Electronics,South,559.35,Yes
59,45526.95,13,14.27,5,3,37.0,Mobile,Platinum,Home,South,482.75,Yes
57,96205.14,15,3.22,10,10,59.2,Mobile,Basic,Home,South,459.08,No
31,75780.48,14,9.42,3,27,40.2,Desktop,Silver,Electronics,East,360.05,No
48,80563.15,16,16.04,9,25,11.3,Mobile,Basic,Fashion,East,442.18,Yes
25,31619.11,10,15.94,12,40,39.3,Desktop,Silver,Home,East,547.37,Yes
54,90403.65,12,8.23,4,36,42.6,Mobile,Basic,Home,North,208.75,No
51,79997.25,18,14.79,10,33,56.4,Desktop,Basic,Beauty,South,514.87,Yes
35,45570.52,11,19.11,8,0,37.9,Desktop,Silver,Fashion,West,480.2,No
21,59626.45,14,17.89,7,24,99.7,Mobile,Gold,Home,South,369.19,No
64,75801.78,13,13.52,9,9,31.6,Mobile,Basic,Home,North,396.92,No
39,71154.27,12,11.66,7,10,23.0,Desktop,Silver,Fashion,North,378.34,No
60,63572.23,8,10.85,5,8,80.5,Mobile,Basic,Electronics,North,257.86,No
50,67723.26,15,16.34,12,18,31.0,Mobile,Basic,Electronics,West,684.97,Yes
55,64456.5,21,14.98,9,5,35.4,Desktop,Basic,Beauty,North,405.61,No
54,73356.38,8,17.15,8,21,42.6,Mobile,Silver,Electronics,East,473.2,No
27,102372.82,18,14.66,11,6,40.2,Desktop,Gold,Home,South,647.66,Yes
35,18000.0,10,18.09,12,20,50.7,Mobile,Silver,Home,North,521.73,No
40,64789.29,13,14.47,5,25,54.3,Desktop,Gold,Fashion,West,406.67,No
41,73883.27,10,17.92,12,7,21.4,Mobile,Silver,Beauty,East,557.67,Yes
20,76511.87,15,18.35,6,4,13.5,Mobile,Gold,Home,West,505.57,Yes
44,61817.88,8,9.98,6,33,15.0,Mobile,Platinum,Electronics,West,433.51,Yes
25,31352.12,11,4.96,8,30,74.9,Tablet,Basic,Beauty,West,163.89,No
53,77215.9,21,21.72,9,10,29.2,Desktop,Basic,Home,East,590.09,Yes
50,108001.7,8,15.28,2,36,58.5,Desktop,Basic,Fashion,East,348.9,No
62,36255.05,13,5.43,5,9,55.2,Mobile,Silver,Beauty,East,169.67,No
53,89004.22,17,10.43,9,37,35.4,Mobile,Silver,Home,South,419.98,No
35,62772.45,13,17.86,8,4,17.3,Desktop,Basic,Fashion,North,442.02,No
64,68650.86,10,12.6,5,27,56.1,Desktop,Gold,Sports,South,360.63,No
37,46836.23,17,11.44,4,0,34.6,Mobile,Platinum,Home,South,360.59,No
33,62641.96,16,21.0,4,8,12.8,Desktop,Basic,Home,North,499.22,Yes
61,98600.98,12,8.76,11,16,24.4,Mobile,Basic,Electronics,West,593.2,Yes
35,82818.42,8,10.01,3,3,8.8,Mobile,Basic,Fashion,West,255.05,No
21,108110.86,17,15.06,6,18,25.3,Tablet,Basic,Fashion,South,432.99,No
40,95903.06,12,15.95,4,9,36.8,Mobile,Gold,Home,South,435.39,No
56,79659.91,10,16.48,10,4,32.0,Mobile,Silver,Home,West,531.49,Yes
27,108366.56,11,18.56,4,39,29.3,Mobile,Basic,Beauty,South,403.61,No
40,79657.85,10,14.99,9,40,36.5,Tablet,Silver,Fashion,East,475.83,No
24,88215.74,13,16.45,8,39,48.7,Mobile,Basic,Beauty,East,446.31,No
50,63475.44,13,12.7,5,6,61.6,Desktop,Basic,Beauty,South,355.28,No
40,71464.01,12,14.31,6,15,67.1,Mobile,Basic,Beauty,West,303.79,No
33,54656.68,9,14.54,11,13,19.5,Mobile,Silver,Beauty,North,450.3,Yes
28,91770.85,10,15.08,4,13,71.4,Mobile,Silver,Sports,North,341.48,No
45,44077.32,19,17.86,9,17,34.6,Mobile,Gold,Electronics,East,556.06,Yes
50,87211.71,14,16.78,9,20,27.0,Mobile,Basic,Home,East,446.52,Yes
63,65805.68,12,14.22,2,19,15.3,Mobile,Gold,Sports,West,351.2,No
38,95767.44,13,9.95,7,11,2.6,Desktop,Basic,Home,East,420.13,No
25,86519.12,19,14.34,4,40,46.4,Mobile,Basic,Electronics,North,483.17,Yes
57,110054.22,16,13.86,11,40,45.2,Desktop,Gold,Sports,West,609.15,Yes
48,86077.04,12,14.97,9,13,22.7,Desktop,Silver,Electronics,South,587.95,Yes
51,35415.11,11,25.03,7,9,23.2,Mobile,Basic,Fashion,North,484.62,No
22,68527.03,12,11.38,4,21,31.2,Mobile,Silver,Electronics,East,291.53,No
32,44215.84,9,16.11,11,15,26.6,Mobile,Gold,Fashion,North,521.99,Yes
54,58597.84,12,19.34,5,40,18.8,Mobile,Platinum,Fashion,South,533.12,Yes
57,103247.03,11,14.49,6,17,13.9,Mobile,Silver,Fashion,South,422.05,No
38,84025.74,13,25.69,12,1,71.9,Mobile,Basic,Sports,North,748.4,Yes
56,54623.53,14,12.11,6,5,24.3,Mobile,Silver,Fashion,West,354.65,No
58,47698.22,21,15.62,10,3,45.1,Mobile,Basic,Home,East,470.57,Yes
36,70721.21,9,10.01,6,15,51.1,Tablet,Basic,Sports,West,291.42,No
61,43235.68,17,12.24,10,12,46.6,Desktop,Silver,Beauty,South,479.31,No
31,55234.91,12,15.24,8,35,53.0,Mobile,Gold,Electronics,East,417.67,No
29,76864.21,13,18.23,6,36,46.2,Mobile,Basic,Electronics,West,429.69,No
50,95416.86,12,15.6,6,5,21.1,Desktop,Gold,Home,North,454.66,No
48,83392.75,12,20.3,7,38,27.7,Mobile,Gold,Beauty,West,559.95,Yes
24,19591.63,15,13.53,6,23,70.7,Mobile,Gold,Home,North,360.39,No
57,76696.07,18,12.34,14,12,23.8,Desktop,Basic,Electronics,West,653.08,Yes
27,71584.74,15,27.52,8,16,34.7,Mobile,Basic,Beauty,East,659.74,Yes
56,79105.59,12,15.97,10,18,48.8,Mobile,Basic,Home,East,454.55,Yes
18,105556.61,8,10.4,17,6,87.5,Mobile,Basic,Home,North,592.6,Yes
56,24608.76,15,10.53,6,35,66.6,Desktop,Basic,Sports,East,219.12,No
55,56995.72,15,9.29,3,0,16.7,Tablet,Basic,Beauty,East,239.93,No
55,82999.94,11,18.68,7,2,44.1,Desktop,Basic,Home,West,470.72,No
49,35204.92,10,12.18,11,11,40.7,Mobile,Basic,Home,West,512.15,No
40,102470.88,8,14.64,13,5,27.9,Mobile,Platinum,Home,South,855.53,Yes
51,78103.85,8,13.68,9,2,35.4,Desktop,Gold,Home,South,590.37,Yes
31,88624.85,10,17.66,11,15,20.9,Desktop,Basic,Fashion,South,625.89,Yes
55,57439.24,14,9.77,6,15,30.8,Tablet,Platinum,Beauty,South,349.06,No
44,87902.8,14,8.62,10,5,23.9,Desktop,Basic,Home,North,430.72,No
40,93506.37,15,15.12,6,33,37.3,Mobile,Basic,Fashion,North,260.33,No
42,75123.32,12,17.0,11,36,27.2,Desktop,Gold,Electronics,West,638.44,Yes
45,75156.82,14,15.66,10,29,91.7,Desktop,Silver,Beauty,South,453.77,No
19,75947.55,11,9.95,7,21,38.1,Desktop,Basic,Home,South,319.42,No
24,51006.4,13,17.39,7,38,33.2,Desktop,Basic,Fashion,East,354.42,No
29,66754.37,11,10.28,4,14,29.6,Mobile,Silver,Fashion,East,285.7,No
23,66644.5,16,11.39,8,17,27.2,Desktop,Silver,Fashion,South,443.72,No
39,78434.67,12,9.28,7,0,12.8,Mobile,Basic,Sports,West,337.95,No
50,91996.13,14,20.51,7,29,58.4,Mobile,Silver,Sports,North,477.27,No
49,46712.21,10,17.17,7,3,80.6,Desktop,Basic,Home,South,412.27,No
40,67249.8,12,17.02,6,27,23.6,Tablet,Silver,Fashion,North,411.61,No
59,102592.02,9,20.24,4,32,70.4,Desktop,Basic,Beauty,East,373.62,No
45,53641.06,11,28.06,7,8,139.8,Mobile,Gold,Home,North,555.23,No
21,51910.5,17,5.45,23,25,109.2,Mobile,Gold,Sports,West,989.17,Yes
54,74450.74,16,10.31,9,12,78.3,Mobile,Basic,Electronics,East,395.43,No
45,88576.47,9,10.92,6,16,14.2,Desktop,Gold,Electronics,North,599.87,Yes
48,70251.37,12,9.75,8,21,14.1,Desktop,Basic,Home,East,355.42,No
45,99237.13,19,8.61,5,10,52.8,Tablet,Basic,Electronics,South,403.02,No
44,88849.47,7,12.5,14,32,34.9,Mobile,Silver,Home,East,659.38,Yes
22,88520.04,16,7.92,10,16,5.5,Mobile,Silver,Beauty,North,404.77,No
44,82190.56,18,15.68,6,18,25.7,Desktop,Gold,Electronics,East,645.19,Yes
56,121208.37,9,14.26,3,33,51.3,Mobile,Platinum,Fashion,North,444.08,Yes
32,65486.44,13,16.41,4,9,31.1,Tablet,Basic,Home,North,349.69,No
46,25922.51,15,16.54,8,18,35.0,Desktop,Basic,Beauty,East,385.74,No
19,105293.6,13,17.02,9,40,14.0,Mobile,Silver,Fashion,East,557.97,Yes
34,59930.61,11,12.13,10,16,25.5,Mobile,Basic,Electronics,South,494.73,No
38,72373.37,12,24.61,12,4,53.0,Desktop,Basic,Home,North,695.9,Yes
65,98810.12,15,15.17,8,11,24.6,Desktop,Platinum,Fashion,South,590.41,Yes
28,34750.29,17,4.69,7,39,74.1,Desktop,Gold,Beauty,West,308.59,No
31,42463.76,11,8.99,5,31,35.6,Desktop,Platinum,Home,East,381.84,No
37,34771.89,16,5.3,4,33,46.3,Mobile,Basic,Fashion,North,138.31,No
65,52529.0,18,14.09,11,10,52.2,Desktop,Basic,Beauty,West,485.54,Yes
58,79672.01,18,13.39,8,34,50.8,Tablet,Silver,Home,South,473.95,No
19,81532.13,9,11.66,13,16,16.3,Mobile,Platinum,Electronics,East,850.77,Yes
29,76078.03,6,24.05,10,32,18.7,Desktop,Basic,Home,North,682.97,Yes
57,38919.15,16,16.74,8,36,5.4,Mobile,Basic,Sports,South,423.27,No
20,19177.72,9,17.63,6,8,27.7,Mobile,Basic,Beauty,West,312.71,No
59,71195.78,13,9.34,6,38,17.6,Mobile,Gold,Fashion,South,372.61,No
31,59620.93,7,9.0,10,25,24.0,Desktop,Gold,Beauty,North,413.61,No
62,80106.49,16,14.18,6,29,29.8,Mobile,Silver,Fashion,North,335.55,No
32,85442.98,16,14.87,7,31,38.8,Mobile,Basic,Home,West,426.91,No
38,73041.31,16,4.72,3,6,31.4,Desktop,Gold,Home,West,311.14,No
49,86722.93,12,13.1,7,30,31.0,Mobile,Silver,Fashion,North,367.57,No
24,75042.65,10,14.07,8,8,43.9,Desktop,Basic,Fashion,West,406.09,No
44,81661.42,8,12.92,3,11,34.0,Tablet,Basic,Sports,West,318.53,No
42,54497.19,9,9.93,8,4,61.2,Mobile,Silver,Fashion,South,350.73,No
55,66048.55,17,11.3,5,7,34.0,Mobile,Basic,Beauty,East,268.84,No
65,74329.07,15,13.12,7,40,87.8,Tablet,Platinum,Home,South,345.34,No
49,88051.63,12,14.45,12,13,15.8,Mobile,Silver,Home,North,575.48,Yes
37,61337.69,9,17.02,10,15,27.3,Mobile,Basic,Electronics,East,468.81,No
37,81465.68,15,19.4,12,19,21.2,Tablet,Silver,Electronics,North,747.24,Yes
38,64151.55,16,12.53,10,29,39.9,Desktop,Silver,Electronics,South,549.83,No
57,67414.07,13,11.72,5,23,15.8,Desktop,Basic,Home,South,367.21,No
33,88249.42,15,16.19,8,21,10.5,Mobile,Silver,Sports,North,484.64,No
26,26152.67,13,17.05,6,34,18.3,Tablet,Basic,Sports,West,368.8,No
34,41477.61,12,11.83,10,20,11.1,Desktop,Basic,Electronics,East,386.64,No
19,37391.92,17,17.95,12,31,30.1,Desktop,Gold,Fashion,West,641.99,Yes
23,18660.45,12,18.9,15,37,38.8,Desktop,Silver,Electronics,East,734.49,Yes
22,55078.18,13,20.46,8,27,9.1,Desktop,Basic,Sports,North,460.35,No
55,86487.55,14,22.89,5,1,26.1,Mobile,Basic,Electronics,South,621.1,Yes
52,63732.55,6,9.67,8,10,66.5,Mobile,Silver,Electronics,South,359.68,No
51,74351.38,10,14.07,7,25,79.0,Mobile,Basic,Home,West,386.7,No
40,93962.78,14,14.06,5,19,55.7,Mobile,Platinum,Home,North,516.55,Yes
52,99209.09,18,13.51,16,11,3.4,Mobile,Silver,Electronics,East,851.23,Yes
25,68478.97,6,10.75,4,13,36.4,Mobile,Gold,Home,North,384.54,No
61,99778.89,14,6.57,7,3,71.5,Desktop,Basic,Electronics,West,438.78,No
42,72026.79,15,14.46,7,9,24.2,Mobile,Gold,Electronics,East,564.97,Yes
63,51577.24,8,10.16,7,32,13.0,Mobile,Basic,Electronics,South,320.28,Yes
25,56923.19,12,14.43,5,0,68.1,Mobile,Basic,Fashion,South,297.13,No
41,37428.2,11,10.03,7,34,74.6,Mobile,Basic,Sports,South,254.52,No
51,50461.06,6,8.5,5,13,33.8,Desktop,Basic,Home,North,220.97,No
41,62123.63,10,15.17,11,33,13.1,Mobile,Platinum,Beauty,East,594.29,Yes
39,87678.87,10,14.75,7,10,8.1,Mobile,Gold,Fashion,West,455.75,Yes
25,107856.94,19,16.9,9,33,42.6,Desktop,Silver,Beauty,North,560.97,Yes
36,39592.01,8,24.93,10,23,21.3,Mobile,Silver,Sports,East,587.97,Yes
29,78642.2,14,15.39,5,34,32.3,Mobile,Silver,Fashion,East,345.22,No
32,47108.03,17,16.43,7,2,29.9,Desktop,Silver,Sports,West,502.72,No
50,80443.34,12,8.61,6,32,17.5,Mobile,Gold,Home,West,412.99,No
48,67116.09,20,7.57,7,11,7.7,Desktop,Silver,Beauty,North,377.66,No
47,29720.07,16,21.91,8,14,24.7,Desktop,Gold,Fashion,North,587.22,Yes
35,90422.53,12,9.38,10,1,37.4,Tablet,Basic,Home,West,415.8,No
64,56689.98,14,8.78,6,39,38.6,Mobile,Platinum,Home,North,400.42,Yes
22,58254.19,11,13.8,4,26,20.3,Desktop,Basic,Sports,East,302.56,No
34,46465.45,8,13.55,10,40,73.6,Desktop,Basic,Sports,West,387.37,No
23,55605.77,14,9.49,5,23,14.2,Mobile,Gold,Fashion,East,284.42,No
34,79413.59,12,12.48,11,6,63.2,Tablet,Basic,Sports,North,471.11,Yes
64,65836.62,19,20.15,6,13,36.6,Mobile,Basic,Sports,North,367.05,No
35,77230.56,11,9.97,5,18,24.8,Desktop,Basic,Home,East,269.42,No
61,77962.28,14,7.03,9,6,46.4,Desktop,Silver,Electronics,West,423.86,No
41,99054.56,15,18.71,8,38,28.7,Mobile,Platinum,Electronics,South,715.9,Yes
51,62458.7,11,16.46,8,39,10.3,Mobile,Gold,Electronics,East,545.33,Yes
39,37509.13,12,10.9,5,23,13.4,Tablet,Silver,Electronics,West,407.62,No
30,93478.89,9,6.09,4,23,27.4,Mobile,Platinum,Sports,West,463.74,Yes
54,62707.26,12,10.28,7,28,22.5,Mobile,Silver,Electronics,East,400.51,No
64,94521.03,14,13.73,3,27,62.3,Mobile,Gold,Home,East,387.18,No
30,78434.3,10,19.83,9,2,21.7,Desktop,Basic,Home,West,468.64,No
55,67114.97,19,8.82,8,21,20.7,Mobile,Silver,Home,West,442.12,No
30,77673.07,15,13.58,8,31,18.7,Desktop,Basic,Electronics,South,563.56,Yes
52,112922.28,20,17.38,7,33,17.5,Desktop,Basic,Home,East,512.82,No
55,115693.57,19,2.09,8,24,17.9,Mobile,Gold,Home,South,467.2,No
39,71526.38,15,19.17,11,36,11.7,Mobile,Basic,Home,West,610.64,Yes
53,73524.19,17,8.09,9,24,37.6,Mobile,Silver,Electronics,North,450.15,Yes
31,93677.28,13,15.66,6,15,30.4,Tablet,Silver,Beauty,North,407.77,Yes
21,51395.46,16,15.23,8,18,29.5,Desktop,Basic,Electronics,South,439.9,No
22,77327.55,18,19.42,6,28,8.5,Mobile,Silver,Home,North,494.7,No
39,69431.02,14,16.75,13,36,43.8,Mobile,Silver,Fashion,East,536.2,Yes
61,76905.98,9,2.11,5,9,46.7,Mobile,Gold,Fashion,East,209.16,No
24,51665.89,13,10.08,7,12,85.2,Tablet,Basic,Beauty,West,261.09,No
39,35029.52,17,14.69,3,26,45.0,Mobile,Platinum,Electronics,East,401.93,No
51,24394.36,12,13.03,8,31,96.1,Mobile,Gold,Sports,East,305.51,No
27,45417.55,17,16.39,7,16,20.0,Tablet,Silver,Sports,East,466.69,No
52,59909.14,14,17.95,7,26,88.1,Mobile,Basic,Fashion,North,345.07,No
32,63549.79,12,17.04,13,0,46.0,Mobile,Gold,Fashion,East,619.87,Yes
56,112619.09,17,12.93,7,11,42.2,Mobile,Gold,Electronics,North,589.9,Yes
45,94331.85,11,4.77,12,39,29.0,Desktop,Basic,Sports,East,411.8,No
44,48834.0,13,11.72,7,23,24.8,Mobile,Platinum,Home,West,464.73,Yes
26,77649.59,9,16.08,9,35,21.1,Tablet,Platinum,Electronics,West,674.8,Yes
40,61044.28,12,8.55,6,8,90.0,Mobile,Silver,Home,East,212.35,No
59,63744.0,13,17.16,3,11,28.4,Mobile,Gold,Electronics,South,346.16,No
18,74077.16,8,18.54,6,39,46.6,Desktop,Silver,Home,West,364.59,No
54,83621.76,11,14.63,8,40,53.4,Desktop,Gold,Home,West,468.02,Yes
41,62536.31,20,2.0,9,35,52.9,Desktop,Gold,Electronics,South,496.57,Yes
52,93404.73,7,7.61,5,13,37.8,Desktop,Basic,Beauty,North,271.25,No
49,44877.36,12,23.43,4,32,87.0,Mobile,Basic,Fashion,East,314.65,No
38,70139.46,11,11.27,11,18,44.2,Desktop,Basic,Home,East,402.01,No
32,127148.82,17,4.08,12,34,20.7,Mobile,Platinum,Home,West,741.32,Yes
48,74907.75,9,20.18,4,34,25.6,Mobile,Basic,Sports,West,314.98,No
24,101530.72,19,14.07,10,17,9.0,Tablet,Gold,Fashion,North,594.4,Yes
46,72013.44,12,19.52,7,12,40.6,Desktop,Silver,Sports,South,539.87,No
22,82777.1,11,15.38,9,39,49.2,Mobile,Basic,Fashion,West,396.87,No
49,68750.77,20,16.29,6,18,52.0,Mobile,Platinum,Beauty,South,533.67,Yes
48,66251.03,16,15.82,5,17,46.0,Tablet,Silver,Electronics,South,395.38,No
22,52851.39,13,17.49,10,27,29.1,Mobile,Basic,Beauty,South,460.93,No
54,79466.63,13,25.39,10,38,33.1,Mobile,Basic,Electronics,South,677.34,Yes
37,51266.18,12,18.86,2,5,33.1,Mobile,Basic,Sports,East,323.54,No
55,84642.88,12,6.1,10,40,62.4,Mobile,Basic,Sports,South,419.43,No
19,93876.31,7,16.23,5,17,6.0,Mobile,Basic,Fashion,South,418.26,No
26,78063.69,14,19.71,8,1,23.6,Tablet,Silver,Home,South,522.73,No
41,63702.53,9,20.01,9,12,14.9,Mobile,Basic,Home,North,396.45,No
27,79987.24,5,11.87,6,18,109.4,Mobile,Basic,Fashion,West,244.79,No
33,63209.19,6,19.82,11,27,70.4,Desktop,Basic,Home,West,580.03,Yes
49,90582.04,13,18.64,6,23,24.3,Mobile,Basic,Home,South,455.51,Yes
24,29709.07,10,26.86,6,5,10.7,Desktop,Platinum,Home,North,662.47,Yes
50,62616.64,14,10.25,8,20,13.4,Desktop,Basic,Electronics,East,458.57,No
22,26202.14,20,11.46,5,9,61.9,Desktop,Basic,Sports,East,180.27,No
26,37108.66,7,12.47,8,11,8.7,Desktop,Silver,Electronics,East,382.16,No
46,100004.97,12,11.55,10,29,33.4,Desktop,Platinum,Home,East,541.18,Yes
56,89694.07,13,9.55,10,32,55.5,Desktop,Gold,Electronics,East,600.52,Yes
26,54171.43,11,2.0,10,6,12.3,Desktop,Gold,Electronics,North,453.86,No
32,36944.92,15,11.83,8,24,33.2,Mobile,Platinum,Electronics,North,569.79,Yes
62,18000.0,10,15.85,11,17,24.6,Desktop,Silver,Fashion,North,475.55,No
65,58043.1,9,11.53,10,13,22.3,Desktop,Platinum,Home,North,549.07,Yes
45,123249.13,13,23.68,7,29,19.5,Mobile,Basic,Home,West,627.04,Yes
39,79567.45,13,14.07,13,10,58.5,Desktop,Gold,Home,East,616.31,Yes
34,57689.41,13,20.46,7,31,80.0,Mobile,Gold,Home,East,437.63,No
47,80231.76,10,15.31,3,16,27.5,Mobile,Platinum,Electronics,East,567.48,Yes
46,35658.92,13,18.13,4,3,42.4,Desktop,Silver,Electronics,North,385.32,No
32,63458.89,13,15.4,10,32,33.7,Mobile,Gold,Home,North,561.07,Yes
19,72188.5,16,20.84,6,34,6.8,Mobile,Basic,Home,West,494.66,No
25,68105.79,14,14.28,9,23,26.7,Mobile,Silver,Home,South,468.85,No
64,87397.73,14,16.48,8,29,5.6,Desktop,Basic,Fashion,East,460.33,No
38,77582.19,15,15.83,7,6,23.1,Mobile,Silver,Beauty,West,428.2,No
41,84703.17,22,12.56,11,13,32.5,Desktop,Silver,Electronics,North,662.03,Yes
40,54855.81,12,16.02,2,14,52.7,Desktop,Basic,Home,West,303.11,No
55,89751.94,13,25.17,8,31,39.8,Desktop,Basic,Electronics,East,623.53,Yes
21,105836.61,13,12.65,8,14,59.5,Tablet,Basic,Home,South,424.26,No
21,48656.71,16,16.1,8,29,17.1,Desktop,Silver,Fashion,South,433.3,No
31,50470.7,9,20.29,7,12,73.7,Mobile,Silver,Beauty,North,347.75,No
41,99387.26,10,19.7,9,24,80.0,Tablet,Gold,Electronics,North,701.27,Yes
50,65790.43,21,14.06,7,8,5.3,Mobile,Basic,Home,North,384.59,No
41,100884.07,9,2.08,15,22,8.3,Mobile,Gold,Electronics,West,710.53,Yes
39,60264.21,13,16.58,5,3,32.0,Mobile,Silver,Home,North,380.16,No
63,102011.0,16,2.9,10,30,21.8,Desktop,Basic,Electronics,South,504.66,No
25,72892.69,9,21.35,7,1,24.4,Mobile,Basic,Electronics,North,447.92,No
45,75681.03,13,14.85,9,40,39.6,Desktop,Silver,Beauty,South,464.45,No
44,104423.8,10,19.0,7,34,61.0,Mobile,Basic,Electronics,North,498.96,No
40,62041.05,8,9.49,9,23,16.4,Mobile,Basic,Electronics,South,426.23,No
56,49295.31,15,6.24,3,37,67.6,Mobile,Basic,Beauty,East,102.13,No
30,60131.59,13,15.3,9,33,19.3,Desktop,Basic,Beauty,West,468.35,Yes
63,79951.35,12,13.83,6,5,118.6,Mobile,Basic,Beauty,South,244.67,No
33,35553.3,10,11.54,3,30,74.0,Mobile,Basic,Fashion,East,171.43,No
44,84024.36,9,14.42,4,15,20.8,Mobile,Gold,Home,East,371.96,No
42,58147.03,12,27.84,7,35,10.9,Mobile,Silver,Beauty,West,650.85,Yes
58,95251.88,16,18.17,9,35,20.4,Desktop,Silver,Electronics,West,694.05,Yes
39,18000.0,10,19.25,3,39,18.3,Mobile,Silver,Beauty,North,286.59,No
31,52695.55,12,18.22,7,18,48.5,Mobile,Silver,Electronics,East,467.22,No
19,32897.7,12,21.4,4,7,5.4,Desktop,Basic,Sports,West,385.25,No
35,51822.95,13,13.05,4,5,8.4,Mobile,Basic,Home,South,261.18,No
57,75448.65,13,3.73,2,6,47.6,Mobile,Basic,Fashion,East,178.06,No
18,66057.01,13,13.06,9,40,17.7,Desktop,Silver,Fashion,South,450.84,No
61,64425.69,14,18.06,7,24,23.3,Desktop,Silver,Electronics,South,529.09,Yes
44,66497.93,17,9.15,5,14,55.3,Desktop,Basic,Fashion,North,271.45,No
24,74474.54,10,13.12,10,18,62.8,Mobile,Silver,Beauty,North,461.36,No
32,47812.21,11,10.54,13,7,71.7,Mobile,Platinum,Home,East,620.88,Yes
44,85550.69,10,21.51,8,23,52.4,Mobile,Basic,Home,West,539.98,Yes
33,84578.65,20,17.75,12,17,28.4,Mobile,Silver,Electronics,East,732.72,Yes
23,78470.83,14,17.26,5,32,26.7,Mobile,Silver,Home,North,458.87,No
49,82243.74,9,17.11,8,0,24.5,Tablet,Gold,Fashion,North,522.2,Yes
50,76521.2,12,13.81,6,38,12.4,Desktop,Gold,Electronics,East,482.34,No
23,114771.61,15,14.99,5,2,15.9,Mobile,Gold,Sports,North,543.89,No
31,68083.93,9,8.07,11,17,65.9,Mobile,Basic,Home,East,412.48,No
29,63244.17,17,3.07,6,13,19.1,Desktop,Silver,Home,West,356.18,No
49,53422.39,10,14.75,15,29,12.4,Mobile,Gold,Sports,North,682.18,Yes
53,47290.22,12,15.62,10,26,69.4,Mobile,Basic,Fashion,East,396.14,No
52,42621.62,12,20.05,10,8,38.0,Mobile,Platinum,Sports,West,581.9,Yes
63,50446.46,10,21.86,7,20,91.2,Desktop,Basic,Home,South,362.06,No
54,68445.03,13,21.85,7,21,85.2,Desktop,Silver,Home,West,485.17,No
33,77354.49,7,9.01,7,19,13.4,Mobile,Silver,Electronics,West,330.31,No
23,71125.13,16,12.24,8,0,30.5,Mobile,Silver,Electronics,South,462.33,No
47,53158.22,9,16.4,6,7,14.9,Desktop,Gold,Fashion,South,455.85,No
61,89804.06,12,26.66,13,20,14.8,Mobile,Basic,Electronics,East,910.86,Yes
64,86267.08,17,21.4,11,10,24.0,Desktop,Silver,Electronics,East,705.81,Yes
29,66487.74,12,19.6,5,22,49.4,Mobile,Silver,Home,South,351.86,No
29,55635.84,19,12.06,5,6,49.6,Desktop,Gold,Beauty,North,398.19,No
19,82065.41,15,9.58,6,30,45.6,Tablet,Silver,Electronics,East,432.98,No
24,74135.42,8,17.94,6,7,28.3,Desktop,Platinum,Beauty,North,538.75,Yes
44,38141.2,9,8.5,5,26,51.3,Mobile,Gold,Sports,North,330.53,No
44,68504.43,13,12.81,10,34,12.3,Desktop,Basic,Beauty,North,432.27,No
35,75764.79,16,13.43,6,14,38.4,Mobile,Gold,Beauty,South,330.9,No
32,50206.71,10,21.96,6,5,33.3,Mobile,Platinum,Beauty,North,532.45,Yes
57,74176.55,12,12.23,7,0,27.1,Mobile,Basic,Electronics,South,432.39,No
40,37993.91,17,2.0,6,14,39.4,Tablet,Silver,Fashion,North,223.05,No
56,99396.09,4,16.52,11,4,4.9,Mobile,Basic,Sports,South,544.94,Yes
64,97454.9,14,10.5,5,36,15.2,Desktop,Silver,Home,West,369.2,No
33,64444.62,10,14.21,11,39,46.8,Mobile,Basic,Beauty,South,489.37,No
27,77996.0,10,13.57,9,40,32.7,Mobile,Gold,Sports,East,511.42,No
63,18000.0,17,12.63,6,37,9.1,Mobile,Basic,Electronics,North,240.05,No
48,44560.35,14,17.95,6,24,32.1,Desktop,Silver,Fashion,North,473.27,Yes
31,63536.86,12,6.34,15,13,22.0,Mobile,Basic,Home,West,555.96,Yes
47,46413.07,13,11.41,7,18,66.9,Mobile,Silver,Electronics,East,416.48,No
42,85716.72,11,17.42,7,10,13.0,Mobile,Silver,Home,North,421.11,No
61,113940.52,10,10.93,7,34,13.4,Mobile,Silver,Beauty,East,418.39,No
30,44114.48,13,5.96,8,17,42.9,Mobile,Basic,Home,North,254.17,No
65,51575.81,12,17.34,7,15,29.1,Mobile,Basic,Fashion,North,367.44,No
62,75179.86,19,19.62,5,28,28.1,Mobile,Silver,Beauty,South,469.91,No
26,105444.56,16,13.78,9,15,119.1,Tablet,Platinum,Electronics,East,557.85,Yes
25,43107.77,13,4.2,9,14,50.5,Mobile,Basic,Sports,East,286.24,No
43,75478.79,14,17.53,4,9,25.6,Mobile,Silver,Electronics,West,463.65,No
20,110068.57,12,5.7,12,2,8.1,Mobile,Basic,Sports,North,542.08,Yes
32,33661.3,11,15.54,8,1,24.6,Mobile,Gold,Fashion,North,484.76,Yes
38,41816.48,18,9.56,6,16,11.9,Desktop,Basic,Fashion,East,358.51,No
64,60680.65,16,8.2,8,40,16.0,Mobile,Silver,Home,West,385.82,No
65,58547.05,14,11.79,7,10,16.4,Mobile,Basic,Electronics,East,382.15,No
25,87877.23,17,13.08,9,26,63.6,Desktop,Basic,Fashion,East,390.22,No
60,75316.51,10,10.78,9,13,9.8,Mobile,Basic,Beauty,North,337.12,No
22,30950.83,14,16.94,15,12,59.5,Tablet,Basic,Beauty,West,568.14,Yes
53,81339.03,6,11.77,8,6,44.2,Tablet,Silver,Electronics,West,501.75,No
58,57294.14,17,18.9,5,23,43.8,Mobile,Platinum,Home,East,513.71,Yes
60,98037.84,12,15.41,13,27,15.5,Mobile,Silver,Beauty,South,625.64,Yes
28,56193.07,10,10.51,9,14,54.4,Mobile,Platinum,Beauty,East,464.0,Yes
60,55994.46,16,9.67,13,21,14.0,Mobile,Silver,Fashion,East,467.13,Yes
23,81904.9,10,5.76,11,19,80.8,Mobile,Basic,Electronics,West,557.97,No
42,86784.38,21,15.45,7,11,64.5,Mobile,Basic,Sports,North,404.06,No
40,79858.19,14,12.23,8,28,89.7,Mobile,Basic,Fashion,East,307.23,No
33,32916.86,13,2.14,10,22,33.4,Mobile,Basic,Fashion,East,299.16,No
19,81836.76,12,11.32,8,2,29.1,Mobile,Gold,Beauty,South,404.72,No
55,47245.22,17,9.49,6,20,24.1,Tablet,Silver,Fashion,West,309.68,No
34,75176.07,14,21.88,8,15,117.5,Tablet,Silver,Beauty,North,291.43,No
49,38677.84,19,5.49,8,32,49.1,Mobile,Silver,Electronics,North,336.85,No
37,79819.09,9,6.79,6,12,12.0,Desktop,Basic,Beauty,West,298.07,No
35,52254.82,7,19.55,6,39,74.9,Mobile,Silver,Sports,North,416.79,No
60,41782.04,7,20.78,7,25,28.3,Desktop,Basic,Sports,South,374.67,No
22,85704.04,17,10.28,6,5,2.5,Desktop,Basic,Sports,South,375.3,No
53,75316.18,16,10.84,9,16,18.3,Desktop,Basic,Sports,East,397.58,No
53,56492.51,18,17.08,9,36,64.5,Mobile,Basic,Fashion,North,360.17,No
36,101925.93,13,2.36,9,10,44.3,Mobile,Silver,Sports,South,335.05,No
30,60305.65,12,4.69,9,28,50.3,Tablet,Basic,Sports,West,275.37,No
18,70706.37,13,12.6,4,32,74.5,Mobile,Basic,Home,South,309.61,No
62,75916.1,16,21.75,7,28,6.8,Mobile,Platinum,Fashion,East,661.57,Yes
63,56367.35,9,11.82,5,3,18.5,Desktop,Platinum,Electronics,West,438.16,Yes
29,80365.0,17,14.5,9,15,33.9,Desktop,Silver,Home,East,483.11,Yes
19,58264.05,7,19.67,7,14,65.7,Desktop,Silver,Beauty,West,455.83,No
23,60943.96,11,24.53,8,14,13.9,Desktop,Gold,Fashion,West,670.61,Yes
21,99978.14,11,11.12,13,36,25.5,Desktop,Basic,Fashion,East,492.63,No
57,47107.11,11,13.92,10,0,32.4,Mobile,Silver,Home,West,447.21,Yes
60,18000.0,14,23.11,9,22,17.7,Desktop,Basic,Electronics,East,499.05,Yes
25,105440.61,14,6.39,8,40,32.2,Desktop,Basic,Sports,West,418.48,No
53,126085.21,15,19.14,6,35,29.0,Desktop,Platinum,Fashion,East,716.42,Yes
26,61084.08,15,8.91,6,24,21.6,Mobile,Gold,Electronics,South,404.15,No
35,27389.56,12,14.51,7,40,54.3,Mobile,Platinum,Electronics,East,372.04,No
46,63169.35,7,12.79,2,16,48.0,Desktop,Gold,Beauty,South,349.8,No
52,63703.1,12,9.21,10,25,55.9,Mobile,Silver,Sports,South,460.05,No
59,65821.68,10,9.08,4,22,59.2,Mobile,Gold,Electronics,South,400.51,Yes
20,45505.46,13,15.38,7,1,86.6,Desktop,Silver,Electronics,South,369.71,No
27,82750.35,13,18.98,3,1,8.8,Mobile,Silver,Fashion,South,452.7,No
31,81539.16,13,13.35,6,36,9.8,Mobile,Basic,Electronics,East,449.21,No
32,37123.08,14,14.35,8,7,51.3,Mobile,Silver,Beauty,South,389.31,No
65,85382.33,7,16.86,9,14,23.1,Mobile,Basic,Electronics,South,611.99,Yes
55,115159.07,13,9.14,8,25,20.9,Desktop,Silver,Home,North,416.81,No
33,73783.13,22,17.7,4,23,18.6,Mobile,Basic,Fashion,South,366.06,No
64,62578.85,9,18.1,3,21,57.2,Mobile,Silver,Fashion,South,332.26,No
41,66875.93,7,27.02,6,40,112.8,Mobile,Basic,Fashion,West,428.36,No
42,83535.65,12,12.12,6,32,59.0,Mobile,Basic,Electronics,South,426.9,No
38,31925.22,16,11.71,12,38,22.3,Mobile,Silver,Electronics,North,549.6,Yes
24,73616.6,14,17.84,2,27,55.3,Mobile,Basic,Electronics,South,319.32,No
62,61409.79,20,18.1,14,40,9.5,Mobile,Platinum,Electronics,East,934.63,Yes
18,110652.15,14,11.32,7,24,27.6,Mobile,Silver,Sports,North,397.14,No
26,66168.2,14,11.98,10,22,6.8,Mobile,Basic,Fashion,North,310.83,No
29,106693.53,16,16.71,7,33,23.2,Mobile,Basic,Fashion,South,433.65,No
31,45717.7,18,9.86,7,35,36.6,Mobile,Gold,Electronics,South,399.06,No
24,82919.7,11,11.95,6,2,126.0,Mobile,Silver,Beauty,South,255.61,No
18,77026.81,10,14.45,7,37,69.2,Mobile,Basic,Sports,North,351.04,No
50,50880.96,13,18.98,9,28,6.9,Mobile,Basic,Beauty,East,441.61,No
64,73902.71,10,10.98,8,36,7.6,Mobile,Gold,Home,North,404.36,No
23,96675.41,17,4.79,9,29,17.8,Desktop,Platinum,Beauty,East,536.1,Yes
32,62876.58,16,4.42,8,38,96.9,Mobile,Basic,Fashion,East,151.77,No
42,32776.82,11,7.7,6,11,7.3,Desktop,Basic,Beauty,North,194.56,No
62,69613.62,14,7.43,4,7,18.7,Desktop,Basic,Beauty,South,238.26,No
51,50146.69,14,13.23,5,8,18.6,Mobile,Basic,Electronics,North,315.44,No
54,62468.5,16,8.06,11,10,42.8,Mobile,Gold,Fashion,East,464.63,Yes
45,68205.07,11,10.49,11,8,56.3,Mobile,Platinum,Fashion,South,614.46,Yes
38,32475.65,12,10.13,9,18,48.3,Mobile,Platinum,Electronics,South,480.82,Yes
27,34455.52,16,11.8,9,8,38.8,Mobile,Gold,Beauty,North,427.56,No
59,80605.47,9,20.61,11,6,9.1,Mobile,Basic,Electronics,South,741.6,Yes
56,58500.19,10,17.31,12,21,34.6,Desktop,Platinum,Beauty,South,771.61,Yes
19,18000.0,6,14.08,13,32,75.8,Mobile,Basic,Sports,North,421.08,No
52,87266.57,9,11.69,8,5,92.4,Desktop,Basic,Fashion,West,283.97,No
22,75992.13,12,11.83,12,20,42.0,Desktop,Silver,Fashion,South,527.95,No
53,54294.75,7,15.64,7,27,7.0,Mobile,Basic,Home,North,359.78,No
57,41029.74,18,16.92,8,28,42.5,Tablet,Gold,Beauty,East,473.68,Yes
24,88387.77,13,9.46,2,4,29.0,Tablet,Platinum,Fashion,South,398.65,No
38,77685.71,10,14.18,6,30,8.2,Mobile,Gold,Fashion,South,385.44,No
23,122417.25,15,3.84,10,1,13.3,Mobile,Gold,Home,East,485.43,Yes
45,79244.15,21,15.06,3,9,15.5,Mobile,Basic,Sports,North,408.85,No
62,78529.47,11,17.81,7,13,51.4,Mobile,Basic,Fashion,East,357.56,No
21,66327.59,11,12.6,10,34,89.9,Mobile,Gold,Fashion,North,332.79,No
37,87969.07,5,23.08,11,7,46.3,Mobile,Silver,Sports,North,632.1,Yes
64,83751.87,15,9.59,12,32,52.5,Mobile,Platinum,Electronics,North,841.06,Yes
32,97537.95,12,15.09,7,40,30.5,Desktop,Basic,Electronics,North,518.41,Yes
24,58530.9,14,13.82,9,39,20.7,Mobile,Basic,Home,South,425.03,Yes
41,60421.04,8,13.5,6,12,47.1,Mobile,Basic,Electronics,West,295.69,No
42,59459.73,14,13.43,9,3,39.1,Mobile,Silver,Electronics,West,422.58,No
49,87397.64,5,14.54,6,9,16.7,Desktop,Gold,Home,North,461.25,Yes
33,102964.24,12,18.24,9,31,37.3,Desktop,Platinum,Home,West,659.89,Yes
63,59905.51,19,20.89,5,8,31.9,Mobile,Basic,Home,East,443.04,No
43,60654.98,19,13.99,6,26,25.3,Desktop,Silver,Fashion,East,334.02,No
31,76909.7,14,18.08,10,15,20.1,Mobile,Basic,Home,West,581.69,Yes
64,64593.25,12,10.49,7,31,42.0,Desktop,Basic,Home,South,389.72,No
62,90945.18,9,17.83,7,24,21.2,Mobile,Basic,Beauty,South,362.7,No
41,20460.9,7,10.19,18,24,112.9,Mobile,Silver,Beauty,East,572.95,Yes
19,51812.49,17,19.45,4,32,45.2,Desktop,Silver,Home,East,393.66,No
46,52786.84,13,25.05,11,39,42.5,Desktop,Basic,Sports,East,687.03,Yes
44,18952.17,12,13.39,3,14,28.1,Desktop,Silver,Beauty,North,256.99,No
25,48799.95,10,3.04,5,21,23.7,Mobile,Gold,Electronics,West,366.33,Yes
48,49866.57,20,11.26,4,25,5.4,Desktop,Basic,Sports,South,303.39,No
58,65575.7,10,20.16,8,33,17.6,Mobile,Basic,Sports,West,490.74,No
23,94485.25,12,16.77,6,19,6.9,Desktop,Gold,Fashion,South,597.51,Yes
52,64608.67,10,15.24,8,15,6.8,Desktop,Gold,Electronics,North,612.9,Yes
24,47322.1,19,19.04,5,34,11.6,Mobile,Gold,Home,West,416.97,Yes
53,68747.0,9,16.42,2,39,70.7,Mobile,Basic,Fashion,East,267.4,No
38,93081.82,15,20.09,14,23,70.5,Mobile,Silver,Beauty,North,700.47,Yes
18,48528.91,7,18.6,10,4,18.0,Mobile,Platinum,Home,North,581.9,Yes
64,49967.35,16,21.61,8,11,8.9,Mobile,Basic,Electronics,North,506.19,Yes
25,82288.08,11,15.79,10,18,22.9,Mobile,Silver,Fashion,North,507.84,Yes
46,65126.21,13,18.53,7,28,51.1,Desktop,Platinum,Sports,West,605.27,Yes
26,84244.66,15,12.46,7,27,61.5,Mobile,Basic,Electronics,North,458.9,No
62,69699.77,18,10.99,12,33,37.0,Mobile,Gold,Beauty,North,511.08,Yes
53,85436.6,9,22.53,4,1,41.6,Desktop,Gold,Fashion,West,510.27,No
56,47228.28,15,15.08,8,19,38.9,Mobile,Basic,Fashion,West,298.81,No
38,69734.14,11,18.02,6,28,7.4,Mobile,Gold,Home,North,538.36,Yes
40,65364.82,12,14.62,6,40,9.8,Desktop,Silver,Fashion,East,356.71,No
48,43250.4,13,11.07,9,5,92.3,Tablet,Gold,Home,East,308.62,No
55,35603.49,12,14.05,14,36,36.8,Mobile,Platinum,Home,East,761.07,Yes
58,85086.48,8,21.18,7,0,4.1,Mobile,Gold,Electronics,South,686.35,Yes
18,62279.05,10,16.78,13,8,43.4,Mobile,Basic,Fashion,West,576.61,Yes
49,47509.83,12,5.44,12,34,14.8,Tablet,Gold,Beauty,West,508.39,Yes
23,67884.06,12,12.92,6,32,64.8,Desktop,Platinum,Beauty,East,399.56,No
31,94816.41,14,22.91,8,39,60.3,Desktop,Silver,Home,West,561.85,Yes
57,19823.77,13,12.93,9,24,49.2,Desktop,Silver,Beauty,North,343.45,No
30,37073.95,12,5.0,11,25,36.5,Mobile,Basic,Electronics,East,378.85,No
56,49696.5,16,23.47,9,21,75.2,Mobile,Gold,Electronics,West,602.77,Yes
40,102145.94,16,17.41,5,20,80.2,Desktop,Basic,Home,East,357.0,No
29,76216.91,5,13.65,8,21,15.2,Desktop,Basic,Home,West,382.74,Yes
34,86880.98,13,12.14,5,11,48.8,Mobile,Platinum,Beauty,South,464.46,Yes
43,44916.46,17,19.41,10,34,20.3,Desktop,Platinum,Electronics,West,760.13,Yes
54,45370.21,13,11.29,4,14,13.4,Mobile,Platinum,Home,West,463.94,No
47,79851.9,10,19.74,7,25,80.2,Tablet,Silver,Home,East,417.44,No
62,71282.04,7,16.71,17,27,54.2,Mobile,Basic,Electronics,East,745.7,Yes
59,82072.25,19,15.22,8,22,38.7,Desktop,Silver,Home,East,423.07,No
54,65871.24,23,14.73,11,25,16.4,Mobile,Basic,Home,South,596.41,Yes
46,76119.16,13,13.13,13,2,81.7,Desktop,Gold,Electronics,East,628.68,Yes
31,73478.62,12,19.23,7,12,14.7,Desktop,Silver,Fashion,West,507.45,No
37,87110.88,17,9.67,10,18,11.9,Mobile,Basic,Electronics,North,518.76,No
23,87754.18,9,5.89,11,16,32.0,Desktop,Basic,Sports,North,433.19,No
35,34362.82,9,17.07,1,37,51.1,Desktop,Basic,Electronics,South,270.62,No
62,20560.09,9,17.16,15,36,24.6,Desktop,Gold,Electronics,South,728.44,Yes
38,92038.4,10,16.4,2,29,180.0,Mobile,Gold,Electronics,East,311.57,No
